<?xml version="1.0" encoding="UTF-8"?>
<metadata xml:lang="zh"><Esri><CreaDate>20161230</CreaDate><CreaTime>14160400</CreaTime><ArcGISFormat>1.0</ArcGISFormat><SyncOnce>TRUE</SyncOnce><ModDate>20180628</ModDate><ModTime>120145</ModTime></Esri><toolbox name="DownloadHostingService_PYT" alias=""><arcToolboxHelpPath>c:\program files (x86)\arcgis\desktop10.6\Help\gp</arcToolboxHelpPath><toolsets/></toolbox><dataIdInfo><idCitation><resTitle>DownloadHostingService_PYT</resTitle></idCitation></dataIdInfo><distInfo><distributor><distorFormat><formatName>ArcToolbox Toolbox</formatName></distorFormat></distributor></distInfo></metadata>
