<metadata xml:lang="zh"><Esri><CreaDate>20161230</CreaDate><CreaTime>14160500</CreaTime><ArcGISFormat>1.0</ArcGISFormat><SyncOnce>TRUE</SyncOnce><ModDate>20180628</ModDate><ModTime>12120300</ModTime><scaleRange><minScale>150000000</minScale><maxScale>5000</maxScale></scaleRange><ArcGISProfile>ItemDescription</ArcGISProfile></Esri><tool name="DownloadFeatureService" displayname="Download Feature Service" toolboxalias="" xmlns=""><arcToolboxHelpPath>c:\program files (x86)\arcgis\desktop10.6\Help\gp</arcToolboxHelpPath><parameters><param name="ServiceURL" displayname="Feature Service URL" type="Required" direction="Input" datatype="String" expression="ServiceURL"><dialogReference>&lt;DIV STYLE="text-align:Left;"&gt;&lt;DIV&gt;&lt;P&gt;&lt;SPAN&gt;The HTTP REST URL of the feature service:&lt;/SPAN&gt;&lt;/P&gt;&lt;P&gt;&lt;SPAN STYLE="font-weight:bold;"&gt;For Example:&lt;/SPAN&gt;&lt;/P&gt;&lt;P&gt;&lt;SPAN&gt;https://gis039.esri.local/arcgis/rest/services/Hosted/Join_overlaps_sichuanyaogan_201805261731/FeatureServer/0&lt;/SPAN&gt;&lt;/P&gt;&lt;P&gt;&lt;SPAN /&gt;&lt;/P&gt;&lt;/DIV&gt;&lt;/DIV&gt;</dialogReference></param><param name="username" displayname="User Name" type="Required" direction="Input" datatype="String" expression="username"><dialogReference>&lt;DIV STYLE="text-align:Left;"&gt;&lt;DIV&gt;&lt;P&gt;&lt;SPAN&gt;ArcGIS Server Primary Site Administrator&lt;/SPAN&gt;&lt;/P&gt;&lt;/DIV&gt;&lt;/DIV&gt;</dialogReference></param><param name="passwords" displayname="Password" type="Required" direction="Input" datatype="String Hidden" expression="passwords"><dialogReference>&lt;DIV STYLE="text-align:Left;"&gt;&lt;DIV&gt;&lt;P&gt;&lt;SPAN&gt;ArcGIS Server Primary Site Administrator Passward&lt;/SPAN&gt;&lt;/P&gt;&lt;/DIV&gt;&lt;/DIV&gt;</dialogReference></param><param name="whereClauseField" displayname="OID Field" type="Required" direction="Input" datatype="String" expression="whereClauseField"><dialogReference>&lt;DIV STYLE="text-align:Left;"&gt;&lt;DIV&gt;&lt;P&gt;&lt;SPAN&gt;the field name whose type is &lt;/SPAN&gt;&lt;SPAN STYLE="font-weight:bold;"&gt;esriFieldTypeOID&lt;/SPAN&gt;&lt;SPAN&gt;,   the default is &lt;/SPAN&gt;&lt;SPAN STYLE="font-weight:bold;"&gt;OBJECTID&lt;/SPAN&gt;&lt;SPAN&gt;.&lt;/SPAN&gt;&lt;/P&gt;&lt;/DIV&gt;&lt;/DIV&gt;</dialogReference></param><param name="location" displayname="Output Feature Class Location" type="Required" direction="Input" datatype="Workspace" expression="location"><dialogReference>&lt;DIV STYLE="text-align:Left;"&gt;&lt;DIV&gt;&lt;P&gt;&lt;SPAN&gt;The local file GDB location.&lt;/SPAN&gt;&lt;/P&gt;&lt;/DIV&gt;&lt;/DIV&gt;</dialogReference></param><param name="customizeMaxRecordCount" displayname="Max Record Count per Request" type="Optional" direction="Input" datatype="String" expression="{customizeMaxRecordCount}"><dialogReference>&lt;DIV STYLE="text-align:Left;"&gt;&lt;DIV&gt;&lt;P&gt;&lt;SPAN&gt;Customizing the Max Record Count.   &lt;/SPAN&gt;&lt;/P&gt;&lt;P&gt;&lt;SPAN&gt;Using the max record count reading from feature service by default, for example 2000.&lt;/SPAN&gt;&lt;/P&gt;&lt;/DIV&gt;&lt;/DIV&gt;</dialogReference></param></parameters></tool><dataIdInfo><idCitation><resTitle>Download Feature Service</resTitle></idCitation><searchKeys><keyword>Hosting Feature Service</keyword></searchKeys></dataIdInfo><distInfo><distributor><distorFormat><formatName>ArcToolbox Tool</formatName></distorFormat></distributor></distInfo><mdHrLv><ScopeCd value="005"></ScopeCd></mdHrLv></metadata>
