<?xml version="1.0" encoding="UTF-8"?>
<metadata xml:lang="zh"><Esri><CreaDate>20171110</CreaDate><CreaTime>10371700</CreaTime><ArcGISFormat>1.0</ArcGISFormat><SyncOnce>TRUE</SyncOnce><DataProperties><itemProps><itemLocation><linkage Sync="TRUE">file://\\KIKITA\D$\LearnAboutPython\MyPythonProject\Archived\ClipWorkspace\DataForTest\AreaOfInterest</linkage><protocol Sync="TRUE">Local Area Network</protocol></itemLocation></itemProps><copyHistory><copy source="D:\LearnAboutPython\MyPythonProject\Archived\ClipWorkspace\AreaOfInterest" dest="\\KIKITA\D$\LearnAboutPython\MyPythonProject\Archived\ClipWorkspace\DataForTest\AreaOfInterest" date="20171110" time="10371700"></copy></copyHistory></DataProperties></Esri></metadata>
